<application>
  <component name="FeatureSuggesterSettings">
    <option name="workingDays">
      <list>
        <option value="1655877864476" />
        <option value="1655943166949" />
        <option value="1656308112166" />
        <option value="1656393698793" />
        <option value="1656473324044" />
        <option value="1656566458641" />
        <option value="1656905463616" />
        <option value="1656992115885" />
        <option value="1657085890849" />
        <option value="1657677454862" />
        <option value="1657759062331" />
        <option value="1657849819679" />
        <option value="1658296962278" />
        <option value="1658453682721" />
        <option value="1658717863480" />
        <option value="1658796982494" />
        <option value="1658887725594" />
        <option value="1658971556455" />
        <option value="1659055562520" />
        <option value="1659317999786" />
        <option value="1659417619744" />
        <option value="1659485713654" />
        <option value="1659677136039" />
        <option value="1659918604907" />
        <option value="1660007154741" />
        <option value="1660094096710" />
        <option value="1660178134221" />
        <option value="1660263861182" />
        <option value="1660524075517" />
        <option value="1660606666766" />
      </list>
    </option>
  </component>
</application>